id;title;description;price;count;image;image_content_type
1;mobile Fish;Home Loan Account Table Computer;5808;45924;50726f6475636572;image/png
2;Implementation Elect;methodology Albania;43194;2306;537465656c207a65726f2061646d696e697374726174696f6e;image/png
3;Multi-channelled Lic;grey Cambridgeshire;59241;46676;5461626c6520536d616c6c2046726f7a656e20536175736167657320506c616e6e6572;image/png
4;envisioneer Music Pu;infomediaries;12203;60999;4469676974697a656420696e766f696365;image/png
5;convergence;Mayotte;18485;3131;4372656469742043617264204163636f756e74204e6174696f6e616c20417765736f6d65;image/png
6;Aruba;software scale interactive;82873;58675;506c6173746963;image/png
7;Car Industrial deliv;orange Books;81546;19884;776f726c642d636c6173732046726f7a656e204942;image/png
8;Highway Ergonomic;moratorium moratorium;72960;59129;46726f7a656e20627573;image/png
9;hard drive Robust Ne;Poland;42754;11089;4f7574646f6f7273;image/png
10;Harbor Montana;Corporate Phased relationships;75555;20306;6e65757472616c2053616c6164;image/png
